<keymap version="1" name="Eclipse copy" parent="Eclipse">
  <action id="FindWordAtCaret" />
  <action id="NextTab">
    <keyboard-shortcut first-keystroke="ctrl page_down" />
    <keyboard-shortcut first-keystroke="ctrl f12" />
  </action>
  <action id="PreviousTab">
    <keyboard-shortcut first-keystroke="ctrl page_up" />
    <keyboard-shortcut first-keystroke="ctrl f11" />
  </action>
  <action id="Rerun" />
  <action id="ShowPopupMenu">
    <keyboard-shortcut first-keystroke="alt windows" />
  </action>
</keymap>